Country,Year,CO2Prod,CO2Dem,CO2Tran,EnInt,EnSup,ReEng1,ReElect,ReEng2,Biomass,WasteGen,WasteRec,ReWater,BUAcap,ForestInt,RegForest,PestSal,PopPM,TechDev,RNDBud,EnvTax,PopDens,GDPperCap
Austria,2010,8.13,10.67,,4.04,34,27.42,66.24,13.31,27.89,558.96,60.94,,,,56.53,,15.87,1.04,1.77,2.46,101.85,46858.04
Austria,2011,7.88,10.69,,3.9,32.96,26.96,65.69,12.64,27.85,568.63,58.8,,,,,1.2,16.25,0.95,2.01,2.54,102.39,48065.32
Austria,2012,7.46,10.14,,3.86,32.85,30.64,74.7,15.51,27.31,574.36,59.73,,,,,1.24,14.63,0.97,2.36,2.52,102.99,48172.24
Austria,2013,7.49,10.11,272.53,3.9,33.33,30.18,78.17,15.08,28.2,573.29,59.64,,,,,1.08,14.62,0.75,2.34,2.5,103.67,47901.37
Austria,2014,7.01,9.63,281.28,3.72,32.04,30.76,81.45,16.36,29.64,560.93,58.28,,268.56,,,1.24,12.91,0.88,0.95,2.51,104.4,47842.75
Austria,2015,7.08,9.61,277.62,3.77,32.76,29.89,76.91,15.49,27.85,557.23,58.2,9603.46,,,56.85,1.39,13.45,0.89,0.72,2.49,105.17,47789.39
Austria,2016,7.05,,281.56,3.78,33.04,30.41,78.26,15.96,29.06,563.42,58.81,,,,,1.62,12.39,0.81,0.78,2.46,106,48215.89
Austria,2017,7.27,,352.09,3.83,33.77,29.85,75.7,15.39,27.21,568.9,58.61,,,,,1.74,12.02,,0.67,2.51,106.88,49031.11
Austria,2018,6.91,,315.35,3.69,32.84,29.33,76.96,15.27,26.96,575.73,58.55,,,,,1.99,12.38,,0.65,2.39,107.74,50051.79
Austria,2019,7.01,,348.21,3.7,33.1,30.19,77.1,16.42,26.61,,,,,,,,12.22,,0.65,2.36,108.52,50536.66
Belgium,2010,9.5,11.67,,5.47,59.82,4.73,6.92,1.85,41.23,454.53,56.66,,,1.06,41.08,,16.98,0.63,2.38,2.22,361.25,44141.88
Belgium,2011,8.43,11.12,,5.08,55.98,5.57,9.41,2.45,38.3,456.04,56.4,,,,,5.18,16.24,0.54,2.29,2.27,363.73,44309.63
Belgium,2012,8.33,10.64,,4.83,53.5,6.29,12.81,2.55,39.62,446.02,55.1,,,1.1,,5.52,15.2,0.48,2.29,2.15,366.1,44361.21
Belgium,2013,8.43,10.55,196.41,5,55.78,6.28,14.21,2.68,41.59,436.35,53.41,,,,,5.11,14.31,0.52,2.16,2.07,368.36,44355.38
Belgium,2014,7.8,10.01,218.04,4.69,52.62,6.48,17.16,3.26,45.22,424.37,53.84,,399.19,,,5.73,12.91,0.57,2.12,2.07,370.58,44855.97
Belgium,2015,8.23,10.44,227.52,4.65,52.48,7.01,21.12,3.23,41.89,411.29,53.49,2066.57,,,36.44,5.16,13.27,0.58,1.99,2.08,372.79,45507.23
Belgium,2016,8.09,,240.1,4.9,55.6,7.04,16.95,3.33,38.2,417.97,53.46,,,,,5.13,12.44,0.58,1.89,2.16,374.98,45850.93
Belgium,2017,7.92,,237.62,4.84,55.29,7.32,18.53,3.6,53.36,409.1,54.34,,,,,4.88,12.89,,1.76,2.23,377.14,46415.28
Belgium,2018,7.94,,245.03,4.63,53.2,7.79,23.15,4.02,55.89,409.16,54.58,,,,,4.89,12.82,,0.84,2.2,379.2,47030.58
Belgium,2019,7.85,,244.22,4.79,55.22,7.76,20.5,4.3,57.2,,,,,,,,12.73,,0.7,2.13,381.09,47611.91
Bulgaria,2010,5.93,4.89,,2.39,17.74,8.16,12.53,3.11,22.77,316.42,,,,,78.14,,23.42,0.02,,2.76,68.4,6812.41
Bulgaria,2011,6.62,5.25,,2.59,19.1,7.08,7.78,2.08,19.96,317.8,,,,,,,26.33,0.03,,2.69,67.97,7017.66
Bulgaria,2012,6.02,4.92,,2.49,18.25,8.81,11.35,3.21,18.56,305.54,,,,,,0.26,23.27,0.04,,2.66,67.56,7083.6
Bulgaria,2013,5.34,4.39,26.3,2.32,16.91,10.73,15.99,4.64,20.25,304.94,,,,,,0.24,21.8,0.03,,2.8,67.15,7146.56
Bulgaria,2014,5.7,4.68,27.79,2.46,17.8,10.09,15.74,4.51,20.36,307.86,,,259.91,,,0.2,22.24,0.04,,2.72,66.74,7322.81
Bulgaria,2015,6.05,4.83,26.6,2.57,18.5,10.82,17.98,5.23,17.57,314.8,,,,,78.5,0.31,20.86,0.05,,2.88,66.32,7663.72
Bulgaria,2016,5.67,,31,2.52,18.04,10.76,15.8,4.88,19.56,337.1,,,,,,0.75,19.95,0.04,,2.75,65.88,8012.51
Bulgaria,2017,6.03,,30.97,2.62,18.62,10.02,13.64,4.27,21.77,342.35,,,,,,0.67,20.22,,,2.65,65.42,8353.97
Bulgaria,2018,5.66,,30.25,2.62,18.5,13.13,19.97,5.32,20.89,349.93,,,,,,1,20.21,,,2.39,64.96,8674.72
Bulgaria,2019,,,35.97,,,,16.91,,19.45,,,,,,,,19.93,,,2.42,64.48,9058.74
Croatia,2010,4.22,5.18,,2.17,9.39,21.99,62.84,8.72,35.57,,,,,,96.1,,20.82,0.02,,3.65,77.34,13949.33
Croatia,2011,4.16,4.93,,2.12,9.16,18.6,47.04,5.17,33.64,,,,,,,,22.82,0.03,,3.3,77.07,13969.8
Croatia,2012,3.82,4.43,,2.01,8.63,20.27,49.67,5.88,30.64,,,,,,,,20.23,0.02,,3.19,76.77,13677.42
Croatia,2013,3.72,4.47,36.56,1.97,8.44,24.66,66.5,10.08,34.77,,,,,,,1.54,19.7,0.01,,3.49,76.42,13654.25
Croatia,2014,3.55,3.97,35.73,1.89,8.04,24.93,73.96,11.35,39.06,,,,273.84,,,1.71,19.27,0.01,,3.83,75.2,13663.17
Croatia,2015,3.66,4.05,36.8,1.98,8.4,23.34,66.83,8.37,31.78,,,,,,96.11,1.5,19.64,0.02,,4.04,74.8,14111.25
Croatia,2016,3.77,,40.99,2.01,8.47,23.64,66.3,8.85,36.47,,,,,,,1.2,17.48,0.01,,4.16,74.37,14707.24
Croatia,2017,3.87,,41.49,2.09,8.75,21.65,60.39,7.45,32.92,,,,,,,1.05,18.08,,,4.16,73.91,15396.8
Croatia,2018,3.68,,42.94,2.05,8.51,25.48,72.2,10.66,35.23,,,,,,,1.14,18.38,,,4.22,73.45,15971.15
Croatia,2019,,,44.14,,,,65.86,,33.11,,,,,,,,18.23,,,4.22,72.99,16519.04
Cyprus,2010,6.53,9.8,,2.2,2.45,4.45,1.37,3.51,9.29,,,,,0.79,82.25,,19.13,0.01,,2.75,120.41,31023.64
Cyprus,2011,6.22,8.85,,2.11,2.37,5.31,3.63,4.26,8.84,,,,,0.72,,5.27,18.82,0,,2.76,121.74,30363.51
Cyprus,2012,5.74,8.1,,1.97,2.23,6.09,5.45,5.15,11.52,,,,,0.7,,5.56,17.08,0.01,,2.59,122.84,28873.62
Cyprus,2013,4.92,6.98,207.64,1.69,1.94,7.23,7.62,6.25,15.03,,,,,0.71,,8.59,16.56,0,,2.75,123.8,27044.3
Cyprus,2014,5.01,6.89,107.6,1.72,1.98,6.88,7.29,5.82,15.19,,,,299.07,0.71,,9.81,16.66,0.02,,3.08,124.71,26843.42
Cyprus,2015,5.08,6.83,3.65,1.74,2.02,7.71,8.82,6.37,18.43,,,,,0.74,81.96,8.16,17.41,0,,3.07,125.65,27865.59
Cyprus,2016,5.36,,29.49,1.85,2.16,7.5,8.69,6.16,14.08,,,,,0.8,,5.93,14.62,0,,2.96,126.64,29523.87
Cyprus,2017,5.41,,103.85,1.89,2.23,8.02,8.69,6.5,13.23,,,,,0.88,,9.13,15.36,,,3.05,127.67,30758.31
Cyprus,2018,5.31,,147.82,1.88,2.24,8.57,9.43,7.1,12.79,,,,,1.15,,8.97,15.81,,,2.96,128.71,31977.81
Cyprus,2019,,,35.75,,,,10.02,,12.18,,,,,,,,15.79,,,2.63,129.72,32517.24
Czech Republic,2010,10.67,10.37,,4.28,45.13,6.94,6.92,1.77,20.57,,16.55,,,,3.3,,20.62,0.13,2.74,2.61,136.41,19960.07
Czech Republic,2011,10.35,10.16,,4.12,43.5,7.91,8.35,2.37,22.06,,17.02,,,,,2.01,20.93,0.13,2.26,2.62,136.8,20269.49
Czech Republic,2012,9.98,9.34,,4.08,43.2,8.54,9.3,2.66,20.58,,23.21,,,,,1.85,19.19,0.12,1.83,2.56,137.01,20082.25
Czech Republic,2013,9.58,9.05,59.83,4.08,43.23,9.37,10.82,3.24,22.01,,24.22,,,,,1.76,18.87,0.15,2,2.54,137.1,20066.38
Czech Republic,2014,9.28,8.82,53.36,3.96,41.94,9.96,10.78,3.37,23.29,,25.44,,278.95,,,1.61,18.33,0.15,2.05,2.48,137.15,20498.71
Czech Republic,2015,9.38,8.66,53.83,3.96,42,10.19,11.4,3.35,21.07,,29.73,1522,,,4.31,1.81,17.81,0.12,2.23,2.47,137.31,21560.83
Czech Republic,2016,9.53,,57.86,3.91,41.5,10.38,11.43,3.38,23.79,,33.59,,,,,1.7,16.89,0.17,2.06,2.49,137.51,22065.47
Czech Republic,2017,9.56,,72.69,4.07,43.33,10.14,11.2,3.31,22.79,,34.13,,,,,1.49,16.92,,2.05,2.44,137.82,23144.41
Czech Republic,2018,9.45,,77.57,4.06,43.3,10.15,10.84,3.27,22.05,,34.5,,,,,1.47,17.17,,2.07,2.53,138.14,23804.98
Czech Republic,2019,8.95,,70.49,3.98,42.54,10.73,11.68,3.48,19.79,,,,,,,,16.97,,2.35,2.47,138.44,24260.01
Denmark,2010,8.51,13.46,,3.51,19.49,20.13,31.98,7.04,43.34,,,,,0.46,23.79,,13.35,1.3,2,4.12,130.92,58041.4
Denmark,2011,7.53,12.94,,3.22,17.99,22.24,40.25,8.95,39.19,827.52,41.28,,,,,1.7,13.62,1.31,2.04,4.14,131.58,58575.61
Denmark,2012,6.62,11.53,,3.08,17.27,24.12,48.33,10.1,39.29,775.28,41.14,,,0.59,,2.24,10.87,1.08,1.88,4.04,140.27,58487.79
Denmark,2013,6.9,11.87,41.51,3.07,17.3,24.93,45.96,10.77,40.45,774.37,42.02,,,0.61,,1.6,10.49,0.9,1.59,4.05,140.95,58788.08
Denmark,2014,6.13,11.06,45.56,2.87,16.28,27.72,55.88,12.9,41.19,769.92,43.66,,416.45,0.56,,0.69,11.06,0.92,1.6,4.02,141.61,59437.95
Denmark,2015,5.71,10.44,129.47,2.86,16.28,29.83,65.43,13.6,37.75,780.5,45.63,2830.97,,0.52,26.37,0.98,10.18,0.91,2.07,3.99,142.22,60402.13
Denmark,2016,5.97,,157.02,2.92,16.66,30.1,60.22,13.08,36.86,784.58,46.73,,,0.58,,0.99,9.3,1.2,1.67,3.91,142.78,61877.98
Denmark,2017,5.58,,160.12,2.94,16.84,33.53,70.27,14.25,37.68,786.6,46.93,,,0.67,,1.01,10.29,,1.24,3.69,143.31,63216
Denmark,2018,5.57,,186.43,2.96,17.02,33.16,68.36,14.06,34.15,771.19,47.95,,,0.66,,,9.87,,1.13,3.61,143.8,64271.88
Denmark,2019,4.98,,142.11,2.86,16.53,36.93,79.13,16.67,35.89,,,,,,,,9.78,,0.92,3.37,144.3,65867
Estonia,2010,13.94,11.08,,4.24,5.64,15.18,8.05,0.71,24.47,304.78,21.53,,,0.6,91.15,,8.65,0.04,10.46,2.91,31.42,14784.38
Estonia,2011,13.28,10.87,,4.24,5.63,14.93,9.14,0.83,24.06,300.52,27.51,,,0.66,,0.48,7.79,0.04,6.69,2.72,31.32,15930.66
Estonia,2012,12.37,10.65,,4.18,5.53,15.68,12.34,0.96,26.29,280.39,25.01,,,0.73,,0.58,7.52,0.03,3.62,2.73,31.21,16485.05
Estonia,2013,14.24,11.73,67.37,4.63,6.1,14.03,9.19,1.03,21.75,292.85,19.26,,,0.71,,0.59,7.59,0.01,5.47,2.75,30.34,16766.53
Estonia,2014,13.22,11.21,61.99,4.4,5.79,14.93,11.16,1.31,24.81,356.73,34.3,,195.54,0.7,,0.61,8.18,0.03,6.05,2.64,30.28,17312.74
Estonia,2015,11.53,10.1,58.74,4.16,5.47,16.61,14.45,1.52,26.47,359.27,30.85,9313.63,,0.7,91.15,0.61,6.62,0.02,7.66,2.89,30.26,17620.59
Estonia,2016,11.75,,30.27,4.55,6,16.26,12.51,1.28,19.73,375.51,30.52,,,0.75,,0.71,6.57,0.04,2.56,3.08,30.29,18177.01
Estonia,2017,12.1,,1.85,4.33,5.71,18.65,13.94,1.42,21.64,389.3,29.55,,,0.87,,0.71,5.73,,1.29,3.1,30.35,19153.39
Estonia,2018,11.87,,1.6,4.74,6.27,18.44,16.09,1.91,22,404.78,29.72,,,0.88,,0.65,6.04,,1.48,3.67,30.43,19918.16
Estonia,2019,8.76,,0.27,3.93,5.21,23.16,27.7,2.42,20.55,,,,,,,,5.95,,,3.69,30.5,20835.8
Finland,2010,11.55,12.69,,6.82,36.6,25.53,29.99,4.31,21.05,469.46,32.83,,,0.69,68.94,1.32,7.35,0.71,1.5,2.71,17.66,46459.97
Finland,2011,10.12,11.72,,6.53,35.2,25.98,32.89,4.27,20.28,504.45,34.84,,,0.69,,1.38,7.17,0.79,1.6,3.05,17.74,47423.27
Finland,2012,9.03,10.76,,6.27,33.96,29.42,40.56,5.94,20.53,505.65,33.31,,,0.68,,1.45,6.48,0.79,1.49,3.01,17.82,46538.55
Finland,2013,9.14,10.75,466.75,6.15,33.44,29.64,35.97,5.39,20.16,493.02,32.53,,,0.74,,1.58,6.1,0.68,1.32,2.96,17.9,45906.92
Finland,2014,8.37,10.25,457.39,6.25,34.14,30.18,38.58,6.35,23.94,481.54,32.56,,213.71,0.74,,1.82,6.49,0.63,1.12,2.93,17.97,45550.63
Finland,2015,7.73,9.54,498.79,5.91,32.41,32.36,44.5,7.9,23.48,499.58,40.59,19919.89,,0.77,67.12,2.02,5.72,0.53,1.11,2.9,18.04,45647.67
Finland,2016,8.21,,502.64,6.16,33.85,31.42,44.23,6.73,23.27,503.47,42.04,,,0.8,,1.92,5.68,0.54,2.36,3.08,18.09,46796.34
Finland,2017,7.69,,515.14,6.07,33.44,33.6,46.61,7.86,21.17,510.14,40.55,,,0.82,,2.16,5.33,,2.54,2.96,18.13,48177.08
Finland,2018,7.92,,577.05,6.15,33.99,33.82,45.74,7.69,22.96,550.66,42.28,,,,,,5.68,,2.56,2.93,18.17,48744.38
Finland,2019,7.5,,626.94,6.13,33.9,34.13,46.17,7.74,23.91,,,,,,,,5.64,,2.31,2.8,18.2,49310.46
France,2010,5.41,8.77,,4.18,262.86,7.99,13.85,4.05,35.62,534.63,36.04,,,0.55,87.37,,14.86,4.07,2.57,2.15,114.84,40638.34
France,2011,5.15,8.11,,4.08,258,7,11.62,3.74,34.69,534.52,36.78,,,0.56,,2.12,14.78,4.27,1.51,2.19,115.46,41329.03
France,2012,5.17,7.83,,4.06,257.82,8.21,15.01,4.53,37.23,527.03,37.73,,,0.57,,2.2,13.53,4.31,1.77,2.21,116.09,41258.27
France,2013,5.15,7.47,304.61,4.05,258.75,9.07,17.21,5.01,36.63,519.66,38.71,,,0.56,,2.3,13.45,4.21,1.93,2.29,116.69,41282.99
France,2014,4.64,7.45,304.08,3.88,248.78,8.82,16.58,5.15,40.06,518.48,39.73,,369.16,0.55,,2.59,11.51,4.25,1.72,2.25,117.24,41480.77
France,2015,4.72,6.98,301.16,3.92,252.61,8.94,15.98,5.03,38.35,517.65,40.75,3166.54,,0.56,86.58,2.29,12.23,4.22,3.32,2.26,117.71,41793.54
France,2016,4.73,6.9,300.24,3.83,247.93,9.77,17.7,5.46,36.75,522.27,41.9,,,0.57,,2.48,11.44,3.77,1.49,2.3,118.1,42140.04
France,2017,4.73,,304.11,3.82,247.55,9.57,16.63,5.38,39.36,527.19,43.02,,,0.58,,2.42,11.39,,1.82,2.35,118.42,42980.73
France,2018,4.67,,315.23,3.79,246.36,10.39,19.67,6.2,34.91,527.26,44.01,,,,,2.93,11.49,,1.76,2.4,118.69,43631.4
France,2019,4.5,,315.19,3.71,241.4,10.68,19.93,6.37,34.76,,,,,,85.89,,11.37,,,2.32,118.95,44192.81
Germany,2010,9.39,11.45,,4.08,329.55,9.33,16.78,5.08,30.58,609.17,62.5,,,0.87,50,2.44,16.25,13.28,2.76,2.16,231.88,41531.93
Germany,2011,9.04,11.27,,3.86,312.42,10.2,20.43,6.01,31.33,621.32,62.97,,,0.8,,2.62,15.74,12.5,2.7,2.18,231.97,43969.71
Germany,2012,9.2,10.87,,3.89,314.74,11.37,22.99,6.78,32.93,614.52,65.23,,,0.81,,2.73,13.95,11.43,2.86,2.12,232.32,44070.91
Germany,2013,9.41,11.07,355.7,3.96,321.47,11.47,24.07,6.97,31,610.66,63.81,,,0.75,,2.62,13.72,10.83,2.78,2.06,232.67,44143.13
Germany,2014,8.88,10.62,354.28,3.77,307.28,11.92,26.13,7.73,34.43,627.4,65.64,,287.98,0.76,,2.76,12.37,10.85,2.98,1.99,233.45,44930.79
Germany,2015,8.92,10.43,362.16,3.78,308.85,12.64,29.39,8.44,34.28,631.21,66.74,2251.04,,0.78,50,2.88,12.86,10.82,2.9,1.92,234.44,45208.06
Germany,2016,8.94,,361.72,3.77,310.06,12.53,29.41,8.52,33.95,634.27,67.06,,,0.75,,2.81,11.9,10.76,2.7,1.86,235.27,45844.64
Germany,2017,8.7,,352.71,3.76,311.05,13.32,33.4,9.29,34.53,626.56,67.16,,,0.74,,2.89,12.01,,2.81,1.63,236.59,46862.04
Germany,2018,8.37,,349.38,3.63,302.08,13.87,35.29,9.82,30.82,613.69,67.35,,,,,2.7,12.05,,2.77,1.78,237.93,47313.85
Germany,2019,7.89,,338.33,3.6,300.83,14.63,39.9,10.44,31.72,,,,,,,,11.93,,2.84,1.77,239.05,47469.48
Greece ,2010,7.66,9.96,,2.54,27.66,7.91,18.34,4.78,24.89,543.46,17.14,,,,96.44,,19.15,0.08,0.92,2.67,84.47,26690.61
Greece ,2011,7.58,9.59,,2.47,26.8,8.21,13.76,4.18,30.59,515.83,17.76,,,,,0.83,19.81,0.1,0.87,2.96,84.01,24017.2
Greece ,2012,7.14,8.27,,2.47,26.61,9.43,16.7,4.99,35.38,506.72,16.97,,,,,1.18,17.44,0.06,1.36,3.33,83.64,22437.22
Greece ,2013,6.41,7.29,73.47,2.18,23.39,11.42,25.12,7.26,34.87,491.97,15.78,,,,,2.03,16.77,0.08,1.96,3.67,83.32,21980.85
Greece ,2014,6.14,7.32,86.34,2.17,23.19,10.79,24.19,6.6,32.17,496.66,15.43,,228.97,,,0.72,15.8,0.06,2.68,3.74,83.02,22282.24
Greece ,2015,6.05,6.84,108.29,2.18,23.24,12.2,28.66,7.64,31.5,495.04,15.79,6874.52,,,96.44,0.79,16.15,0.05,3.08,3.83,82.7,22337.15
Greece ,2016,5.94,,121.1,2.14,22.73,11.87,27.37,7.91,29.38,505.6,17.24,,,,,0.89,14.54,0.07,2.56,3.82,82.35,22320.37
Greece ,2017,5.97,,123.32,2.19,23.1,11.34,25.01,7.41,32.05,512.33,18.87,,,,,0.88,14.51,,6.98,4.04,82,22651.01
Greece ,2018,5.85,,135.45,2.14,22.57,12.48,30.33,8.54,32.54,,,,,,,0.92,14.59,,3.3,3.79,81.63,23050.85
Greece ,2019,5.43,,164.24,2.11,22.13,12.83,34.56,8.73,34.05,,,,,,,,14.32,,6.33,1.58,81.25,23503.58
Hungary,2010,4.75,5.6,,2.67,26.51,10.48,8.08,1.63,38.22,406.25,19.56,,,0.57,61.21,,20.21,0.1,2.45,2.87,109.66,13191.62
Hungary,2011,4.68,5.37,,2.62,25.93,11.13,7.52,1.74,44.39,384.92,22,,,0.62,,1.6,20.94,0.1,2.01,2.76,109.31,13485.32
Hungary,2012,4.33,4.87,,2.5,24.7,11.95,7.64,1.84,38.91,404.28,25.45,,,0.59,,1.53,18.59,0.09,1.65,2.87,108.96,13367.99
Hungary,2013,4.09,4.69,133.89,2.43,23.89,13.02,9.2,2,42.66,380.11,26.4,,,0.6,,1.45,17.64,0.07,2.61,2.73,108.63,13654.29
Hungary,2014,4.09,4.71,165.38,2.43,23.83,12,10.72,2.14,38.11,387.05,31.22,,320.36,0.58,,1.68,17.68,0.06,3.03,2.38,107.44,14270.11
Hungary,2015,4.37,4.94,204.71,2.58,25.19,11.99,10.64,2.14,31.38,379.63,32.18,12022.11,,0.56,61.53,1.77,17.69,0.1,2.19,2.54,107.14,14850.43
Hungary,2016,4.49,,246.68,2.62,25.57,11.75,10.21,2.32,40.77,381.53,34.6,,,0.56,,1.83,15.85,0.06,3.51,2.61,106.87,15213.05
Hungary,2017,4.7,,299,2.74,26.67,11.13,10.59,2.21,28.47,387.26,35.16,,,0.58,,1.82,16.7,,3.11,2.5,106.62,15912.01
Hungary,2018,4.7,,353.71,2.75,26.74,10.41,11.73,2.37,29.46,384.14,37.21,,,0.6,,1.6,16.74,,2.53,2.38,106.37,16792.49
Hungary,2019,4.72,,378.1,2.76,26.72,10.31,13.43,2.57,25.75,,,,,,,,16.6,,3.2,2.28,106.12,17579.84
Ireland,2010,8.68,12.36,2126.77,3.15,14.36,4.62,13.23,3.2,43.64,624.9,38.79,,,0.55,11.22,,9.88,0.12,1.72,2.43,66.11,48698.17
Ireland,2011,7.71,10.65,2210.6,2.86,13.14,5.84,19.97,4.35,51.51,614.89,39.8,,,,,0.81,10.06,0.14,1.75,2.46,66.64,48777.71
Ireland,2012,7.8,10.54,2375.52,2.85,13.12,5.93,19.36,4.44,48.7,584.29,40.37,,,0.41,,0.61,9.14,0.13,1.29,2.38,66.89,48633.54
Ireland,2013,7.5,10.3,2896.06,2.83,13.05,6.44,22.01,4.77,50.55,,,,,0.44,,0.65,8.78,0.13,1.23,2.47,67,48971.66
Ireland,2014,7.37,10.51,3287.77,2.76,12.77,7.5,24.77,5.53,50.41,566.05,40.51,,210.38,0.45,,0.75,8.51,0.12,1.16,2.37,67.16,52815.53
Ireland,2015,7.6,10.03,3517.2,2.86,13.29,8.08,27.97,6.36,47.87,,,10811.89,,0.47,12.84,0.79,8.38,0.14,0.96,1.92,67.53,65490.86
Ireland,2016,7.86,,3622.28,2.96,13.92,7.92,24.86,5.98,43.06,588.44,41.39,,,0.48,,0.7,7.83,0.11,2.35,1.87,68.16,66046.81
Ireland,2017,7.51,,,2.87,13.62,9.62,28.95,7.6,41.94,582.34,41.06,,,0.46,,0.66,7.66,,1,1.66,69,71296.09
Ireland,2018,7.32,,,2.85,13.71,10.38,33,8.42,40.55,,,,,0.48,,0.59,7.91,,1.24,1.58,69.95,76415.36
Ireland,2019,6.84,,,2.76,13.48,11.13,37.01,9.2,38.35,,,,,,,,7.85,,1.06,1.39,70.87,79572.31
Italy,2010,6.61,8.88,,2.93,173.74,12.58,25.76,7.79,26.39,546.82,32.95,,,0.34,92.97,,20.09,1.7,3,2.82,201.69,36000.52
Italy,2011,6.45,8.68,,2.82,167.97,12.52,27.59,8.77,25.75,526.71,37.19,,,,,5.55,21.19,1.62,3.48,3.07,202.59,36192.87
Italy,2012,6.12,7.76,,2.69,161.34,14.8,31.02,9.57,27.92,500.91,40.04,,,,,4.91,18.64,1.68,3.36,3.5,203.57,35019.47
Italy,2013,5.61,7.25,86.7,2.58,155.39,16.97,38.91,11.25,33.59,491.52,40.84,,,,,4.46,17.91,1.5,2.7,3.46,204.55,33978.55
Italy,2014,5.28,6.93,84.76,2.43,146.77,18.06,43.39,12.54,37.9,490.85,44.8,,233.67,,,4.66,16.91,1.59,2.91,3.6,205.38,33666.69
Italy,2015,5.44,6.98,84.1,2.52,152.56,17.22,38.68,11.57,36.24,487.37,48.05,2724.46,,,93.12,4.98,17.81,1.74,2.54,3.42,205.95,33961.44
Italy,2016,5.37,,89.73,2.49,150.98,17.23,37.52,11.61,36.43,496.38,50.46,,,,,4.67,15.56,1.64,2.51,3.5,206.24,34459.21
Italy,2017,5.3,,94.44,2.53,153.45,17.06,35.34,11.16,36.37,487.39,52.4,,,,,4.34,15.87,,2.53,3.32,206.27,35086.48
Italy,2018,5.23,,98.47,2.48,150.58,17.72,39.73,12.04,36.79,497.55,54.6,,,,,4.19,16.03,,2.83,3.29,206.12,35484.28
Italy,2019,5,,106.57,2.44,147.6,18.24,39.6,12.28,36.04,,,,,,,,15.85,,2.42,3.27,205.85,35998.97
Latvia,2010,3.82,5.24,,2.13,4.51,31.81,54.86,7.7,16.64,320.99,9.34,,,0.54,,,19.12,0,4.93,3.32,34.04,11379.8
Latvia,2011,3.51,5.32,,2.03,4.26,33.31,50.49,7.12,16.91,344.21,11.68,,,0.56,87.91,0.59,16.71,0.01,8.13,3.04,33.66,12338.56
Latvia,2012,3.38,4.86,,2.13,4.42,37.38,66.63,9.1,20.2,317.84,15.64,,,0.54,,0.7,16.11,0.01,6.99,3.08,33.27,13023.71
Latvia,2013,3.38,4.82,188.25,2.12,4.34,37.12,56.92,7.97,20.59,344.26,25.45,,,0.52,,0.67,16.44,0.02,10.37,3.28,32.88,13468.06
Latvia,2014,3.33,4.64,170.71,2.15,4.34,37.16,54.52,6.5,25.19,359.19,27.16,,156.65,0.55,,0.76,17.13,0.01,5.76,3.51,32.53,13741.46
Latvia,2015,3.43,4.62,201.43,2.13,4.26,36.05,50.17,6.66,27.97,399.5,31.01,19215.52,,0.54,87.13,0.8,14.58,0.01,7.94,3.67,32.15,14409.54
Latvia,2016,3.44,,218.96,2.16,4.26,38.15,54.17,7.78,31.02,406.47,27.45,,,0.56,,0.89,13.65,0,5.13,3.75,31.78,14886.89
Latvia,2017,3.42,,222.64,2.26,4.4,43.95,72.53,11.66,26.09,409.1,26.86,,,0.57,,0.77,12.45,,5.83,3.69,31.41,15507.65
Latvia,2018,3.73,,212.43,2.4,4.63,40.44,52.03,8.29,23.38,407.1,29.36,,,0.6,,0.82,12.92,,4.23,3.51,31.05,16257.91
Latvia,2019,3.55,,211.79,2.34,4.47,41.37,49.58,7.81,18.65,,,,,,,,12.71,,4.93,3.37,30.7,16703.2
Lithuania,2010,3.94,5.15,,2.26,7.05,15.1,18.24,1.77,44.41,400.99,5.47,,,0.6,75.31,,14.86,0.02,0.79,1.88,49.84,11987.51
Lithuania,2011,3.74,5.07,,2.37,7.31,14.47,26.19,1.94,43.86,434.35,20.45,,,0.57,,0.91,13.15,0.01,0.11,1.78,49.2,13001.78
Lithuania,2012,3.79,4.77,,2.42,7.38,15.74,26.12,2.14,51.69,436.75,24.34,,,0.55,,0.9,13.18,0.02,0.07,1.73,48.59,13683.86
Lithuania,2013,3.61,4.69,24.65,2.32,6.97,17.39,36.21,2.67,50.03,425.42,28.57,,,0.55,,0.87,13.18,0.02,0.22,1.78,48.01,14313.77
Lithuania,2014,3.52,4.7,11.38,2.35,6.98,18.3,40.75,2.77,42.97,427.48,31.03,,204.45,0.57,,0.86,13.5,0.02,1.98,1.84,47.43,14948.03
Lithuania,2015,3.6,4.85,4.6,2.4,7.05,20.14,39.41,3.04,46.78,443.4,33.58,8068.98,,0.57,73.25,0.91,11.93,0.02,2.12,1.96,46.8,15394.81
Lithuania,2016,3.72,,0.52,2.49,7.21,20.31,56.99,3.52,42.9,440.23,50.45,,,0.6,,1.13,10.9,0.01,0.07,2.04,46.13,15984.41
Lithuania,2017,3.79,,0.51,2.65,7.54,20.85,70.34,4.1,38.93,452.11,48.52,,,0.59,,1.02,10.3,,0.07,2.02,45.42,16903.68
Lithuania,2018,3.97,,20.99,2.71,7.61,20.08,73.92,3.64,36.39,464.28,58.59,,,0.63,,0.7,10.58,,0.05,2.04,44.72,17737.6
Lithuania,2019,4.04,,0.53,2.78,7.67,20.36,73.29,3.9,35.77,,,,,,,,10.47,,0.05,1.94,44.05,18556.26
Luxembourg,2010,21,20.22,,8.32,4.23,3.05,8.29,1.92,27.52,677.83,46.46,,,,66.18,,13.2,0.03,3.44,2.42,209.01,104965.31
Luxembourg,2011,20.25,20.44,,8.05,4.18,3.02,9.29,2.01,25.58,664.98,46.29,,,0.72,,1.49,12.86,0.06,3.17,2.39,213.71,105264.75
Luxembourg,2012,19.42,19.64,,7.72,4.1,3.37,11.18,2.32,28.68,651.95,47.52,,,0.49,,1.44,11.52,0.04,3.8,2.39,218.46,102404.61
Luxembourg,2013,18.03,18.46,1722.14,7.32,3.97,3.88,20,2.69,21.68,616.93,46.33,,,0.47,,0.65,11.92,0.02,3.21,2.19,223.27,103721.75
Luxembourg,2014,16.75,16.65,1855.05,6.9,3.83,4.91,20.9,3.24,26.18,627.85,47.81,,354.39,0.53,,0.69,10.16,0.04,3.6,2,228.19,105658.52
Luxembourg,2015,15.54,16.14,2026.79,6.58,3.73,5.55,32.28,3.78,18.7,610.42,47.5,2670.16,,0.58,66.18,0.76,10.63,0.03,2.62,1.85,233.23,107638.21
Luxembourg,2016,14.68,,2076.14,6.38,3.69,5.96,58.22,4.09,19.56,612.19,48.41,,,0.5,,0.56,9.93,0.04,2.38,1.72,238.38,110162.12
Luxembourg,2017,14.57,,2826.93,6.36,3.76,6.99,66.74,4.94,23.15,619.22,50.27,,,0.57,,0.52,9.85,,3.51,1.69,243.59,109452.96
Luxembourg,2018,14.81,,2056.54,6.46,3.9,7.51,71.47,5.15,24.38,613.94,50.27,,,0.69,,0.48,10.15,,2.16,1.73,248.66,110701.88
Luxembourg,2019,14.94,,2125.24,6.43,3.96,7.4,75.19,5.21,23.89,,,,,,,,10.09,,2.05,1.74,253.39,111043.53
Malta,2010,6.23,7.95,,2.02,0.84,0.6,0.05,0.48,18.67,,,,,,100,,17.66,,,2.89,1294.55,21799.17
Malta,2011,6.15,8.27,,1.99,0.83,0.96,0.46,0.84,18.63,,,,,,,9.69,16.27,,,3.09,1305.38,21808.39
Malta,2012,6.42,7.24,,2.09,0.88,1.36,1.13,1.25,20.88,,,,,,,12.52,14.18,0.01,,2.87,1318.15,22503.13
Malta,2013,5.55,6.99,586.01,1.81,0.77,1.68,1.55,1.55,22.84,,,,,,,11.23,13.4,0.01,,2.69,1331.7,23403.89
Malta,2014,5.46,6.62,580.56,1.8,0.78,2.45,3.34,2.32,23.05,,,,163.43,,,9.16,13.84,0.02,,2.81,1344.34,24692.43
Malta,2015,3.81,5.99,563.17,1.48,0.64,3.27,7.82,3.12,18.02,,,,,,100,10.71,13.57,0.01,,2.79,1354.87,26426.68
Malta,2016,3.09,,488.81,1.36,0.6,4.2,15.87,4.03,21.47,,,,,,,7.88,12.92,0.02,,2.67,1362.81,26885.38
Malta,2017,3.46,,498.37,1.55,0.68,4.28,10.41,4.13,21.46,,,,,,,8.96,12.57,,,2.66,1368.55,28283.03
Malta,2018,3.52,,811.22,1.54,0.68,5.17,10.14,5.02,20.7,,,,,,,7.5,13.11,,,2.57,1372.67,28727.02
Malta,2019,,,1068.42,,,,10.28,,18.32,,,,,,,,13.07,,,2.58,1376.18,29149.58
Netherlands,2010,10.24,12.01,,4.96,82.73,3.93,9.39,2.11,46.84,568.49,49.18,,,0.45,10.94,5.12,15.71,1.23,0.05,3.54,494.6,50950.03
Netherlands,2011,9.46,11.27,,4.6,76.99,4.46,10.81,2.58,45.6,566.31,49.07,,,,,5.88,15.51,1.34,0.85,3.46,496.39,51499.6
Netherlands,2012,9.36,10.58,,4.59,77.06,4.58,12.09,2.68,52.25,548.06,49.43,,,,,6.15,13.82,1.25,0.89,3.27,497.98,50780.7
Netherlands,2013,9.31,10.61,770.34,4.48,75.43,4.52,11.91,2.88,55.88,524.83,49.84,,,0.47,,5.79,12.73,1.11,0.72,3.32,499.96,50565.3
Netherlands,2014,8.85,10,764.1,4.21,71.09,4.78,11.27,3.21,53.26,526.51,50.9,,285.16,,,5.79,12.19,1.13,0.55,3.39,501.41,51100.84
Netherlands,2015,9.32,10.58,775.86,4.26,72.08,4.97,12.4,3.41,53.17,523.42,51.77,5370.79,,,10.94,5.4,12.65,1.27,0.64,3.42,503.07,51871.58
Netherlands,2016,9.31,,718.64,4.33,73.59,5.01,12.83,3.44,51.74,521.69,53.48,,,,,6,11.52,1.26,0.59,3.43,504.34,52727.1
Netherlands,2017,9.14,,708.71,4.36,74.24,5.42,14.87,3.8,56.61,516.53,54.56,,,0.5,,5.91,12.42,,0.66,3.45,505.53,53942.09
Netherlands,2018,8.84,,707.31,4.28,72.93,6.04,16.5,4.4,50.44,516.19,55.86,,,0.48,,5.15,12.07,,0.64,3.51,506.67,54894.13
Netherlands,2019,8.35,,716.69,4.16,71.19,7.18,18.43,4.9,46.04,,,,,,,,12.03,,0.71,3.63,507.79,55450.5
Poland,2010,8.02,8.06,,2.62,100.51,7.23,6.93,1.4,33.86,313.91,19.56,,,0.64,,,27.36,0.14,,2.39,125.15,12613.01
Poland,2011,7.92,7.99,,2.64,100.98,7.86,8.05,1.57,29.37,316.79,14.07,,,,,1.47,27.16,0.17,,2.35,125.03,13205.99
Poland,2012,7.77,7.68,,2.55,97.58,8.82,10.44,1.66,33.51,316.11,15.09,,,,,1.51,24.68,0.31,6.12,2.47,124.84,13380.99
Poland,2013,7.66,7.44,22.81,2.56,97.66,8.77,10.41,1.77,34.42,296.01,18.06,,,,,1.54,23.78,0.24,5.86,2.33,124.61,13539.8
Poland,2014,7.33,7.28,23.39,2.47,94.03,9.15,12.52,1.97,37.39,271.19,26.53,,227.01,,,1.63,24.02,0.28,5.89,2.43,124.4,14007.73
Poland,2015,7.43,7.2,20.97,2.5,94.92,9.45,13.8,2.2,32.18,285.61,32.48,1599.94,,,21.8,1.67,22.87,0.33,6.42,2.46,124.22,14610.88
Poland,2016,7.72,,27.86,2.61,99.29,8.82,13.73,2.15,35.06,306.77,34.81,,,,,1.7,21.92,0.21,8.92,2.53,124.07,15076.39
Poland,2017,8.06,,39.06,2.74,103.89,8.58,14.19,2.48,34.77,315.36,33.81,,,,,1.73,22.89,,7.82,2.39,123.95,15802.7
Poland,2018,8.06,,51.13,2.79,105.8,8.53,12.74,2.53,30.68,329.23,34.29,,,,,1.59,22.86,,7.95,2.49,123.85,16648.77
Poland,2019,7.73,,58.34,2.73,103.58,9.35,15.27,2.91,31.15,,,,,,,,22.77,,,2.44,123.74,17409.03
Portugal,2010,4.49,5.82,,2.22,23.5,23.23,52.81,12.24,17.43,516.32,18.65,,,,31.67,,9.77,0.09,2.6,2.44,115.69,22498.69
Portugal,2011,4.45,5.51,,2.16,22.85,22.49,46.48,10.98,18.43,491.89,20.11,,,,,3.84,10.45,0.08,2.06,2.33,115.4,22149.63
Portugal,2012,4.34,5.1,,2.04,21.44,20.31,42.5,9.47,19.95,455.07,26.09,,,,,3.39,9.14,0.07,1.6,2.2,114.93,21337.29
Portugal,2013,4.18,4.68,313.33,2.05,21.5,24.66,58.32,13.71,23.63,441.34,25.82,,,,,2.72,8.83,0.06,2.78,2.21,114.33,21256.76
Portugal,2014,4.11,4.76,327.65,2.03,21.17,26.04,60.74,14.82,23.01,454.31,30.35,,323.8,,,3.48,8.66,0.04,3.39,2.28,113.73,21540.99
Portugal,2015,4.53,4.98,330.82,2.12,21.97,22.6,47.53,11.84,24.38,461.85,31.04,7196.53,,,31.88,2.71,8.8,0.1,4.77,2.43,113.18,22018.01
Portugal,2016,4.5,,325.14,2.11,21.81,25.79,54.63,14.69,25.3,475.99,32.57,,,,,2.69,7.83,0.1,4.66,2.59,112.72,22533.63
Portugal,2017,4.94,,366.31,2.21,22.77,21.22,39.12,10.49,23.71,488.72,29.74,,,,,2.25,8.4,,4.34,2.59,112.31,23380.69
Portugal,2018,4.61,,397.8,2.15,22.01,24.94,50.35,13.67,22.37,510.62,30.29,,,,,2.24,8.22,,4.29,2.58,111.96,24085.42
Portugal,2019,4.29,,422.48,2.12,21.66,23.16,52.89,12.92,22.35,,,,,,,,8.18,,4.46,2.59,111.63,24679.03
Romania,2010,3.65,3.95,,1.71,35.03,16.73,33.49,5.36,25.11,,,,,,91.71,,18.67,0.05,9.01,2.11,88.99,8214.08
Romania,2011,3.98,4.15,,1.76,35.81,14.15,26.31,4.49,20.34,,,,,,,0.82,19.74,0.04,8.84,1.95,88.36,8411.92
Romania,2012,3.88,3.96,,1.73,34.94,14.88,25.4,4.42,17.22,,,,,,,0.84,18.07,0.07,8.33,1.98,87.94,8621.87
Romania,2013,3.44,3.47,28.04,1.58,31.9,17.4,34.42,6.14,19.64,,,,,,,0.76,16.69,0.05,7.4,2.01,87.52,8980.28
Romania,2014,3.42,3.5,28.41,1.58,31.57,19.4,41.61,7.94,19.53,,,,212.34,,,0.72,16.77,0.03,6.13,2.32,87.08,9339.28
Romania,2015,3.49,3.64,32.11,1.6,31.84,18.76,39.75,7.72,15.3,,,,,,86.14,0.83,16.26,0.02,4.92,2.43,86.6,9660.43
Romania,2016,3.43,,41.33,1.61,31.78,19.49,41.75,8.14,15.81,,,,,,,0.8,15.27,0.03,5.36,2.33,86.04,10172.95
Romania,2017,3.6,,50.59,1.7,33.32,18.13,37.98,7.21,20.12,,,,,,,0.86,15.62,,5.79,1.96,85.42,10980.84
Romania,2018,3.67,,51.69,1.72,33.58,17.98,40.65,7.67,20.11,,,,,,,0.83,15.39,,7.37,2.07,84.78,11539.78
Romania,2019,,,45.37,,,,40.87,,18.78,,,,,,,,15.06,,5.66,2.23,84.16,12079.55
Slovak Republic,2010,6.4,6.73,,3.3,17.83,7.43,21.63,3.37,34.29,317.81,9.2,,,0.83,61.35,,21.66,0.04,2.08,1.99,112.38,16750.8
Slovak Republic,2011,6.07,6.71,,3.21,17.35,7.45,17.67,3.07,36.27,310.06,10.9,,,0.79,,0.94,22.8,0.06,2.12,1.97,112.48,17205.53
Slovak Republic,2012,5.77,5.92,,3.08,16.66,8.16,19.32,3.44,33.99,305.54,13.4,,,0.68,,1.06,20.52,0.03,3,1.89,112.6,17502.06
Slovak Republic,2013,5.86,5.56,6.47,3.13,16.95,8.31,22.28,3.83,34.38,302.95,10.93,,,0.65,,1.04,19.81,0.04,2.73,1.98,112.75,17599.8
Slovak Republic,2014,5.37,5.43,11.55,2.94,15.95,8.9,22.94,4.19,37.03,318.82,10.56,,282.27,0.78,,1.14,19.49,0.04,3.19,1.97,112.91,18047.19
Slovak Republic,2015,5.42,5.64,11.29,3.02,16.39,9.61,22.68,4.25,29.63,327.85,14.97,14719.78,,0.77,61.14,1.17,19.28,0.06,2.89,1.98,113.05,18898.18
Slovak Republic,2016,5.54,,4.62,3.03,16.5,9.56,24.72,4.55,36.17,346.84,23.17,,,0.77,,1.09,18.03,0.07,1.8,1.99,113.19,19276.36
Slovak Republic,2017,5.91,,2.78,3.19,17.4,9.15,23.81,4.38,28.97,377.34,29.85,,,0.78,,1.15,18.41,,2.23,1.99,113.31,19821.84
Slovak Republic,2018,5.8,,8.75,3.18,17.35,9.11,21.76,3.97,31.44,413.06,36.31,,,0.82,,1.3,18.66,,2.83,2.08,113.42,20516.93
Slovak Republic,2019,5.29,,4.62,3.02,16.47,9.91,22.19,4.54,33.09,,,,,,,,18.53,,2.88,2.02,113.5,21003.79
Slovenia,2010,7.56,8.56,,3.58,7.33,15.3,29.22,6.85,17.32,489.4,23.71,,,,94.61,,19.31,0.03,3.27,3.77,101.43,23509.54
Slovenia,2011,7.52,8.4,,3.57,7.33,14.19,24.38,5.77,21.46,414.09,36.22,,,,,2.45,21.07,0.05,3.36,3.74,101.82,23662.83
Slovenia,2012,7.22,7.72,,3.42,7.04,15.19,27.84,6.82,22,360.63,43.8,,,0.47,,2.12,18.71,0.05,2.98,4.15,102.15,22989.93
Slovenia,2013,6.89,7.37,52.27,3.32,6.85,17.13,32.32,8.14,23.17,412.77,35.83,,,,,1.92,18.54,0.07,3.1,4.57,102.44,22722.44
Slovenia,2014,6.17,6.93,56.55,3.22,6.65,18.07,38.52,10.06,24.33,430.53,37.13,,241.85,,,2.09,18.18,0.06,3.3,4.5,102.66,23328.47
Slovenia,2015,6.18,6.76,68.93,3.17,6.56,16.04,29.39,7.04,23,446.41,57.66,15438.88,,,96.4,2.19,18.03,0.04,6.21,4.66,102.83,23826.13
Slovenia,2016,6.55,,97.69,3.27,6.79,16.55,31.18,7.58,24.78,454.08,66.24,,,,,2.42,16.63,0.05,4.99,4.71,102.98,24568.64
Slovenia,2017,6.61,,69.43,3.37,6.99,15.17,27.71,6.71,21.18,468.81,72.82,,,,,2.26,16.81,,5.43,4.53,103.13,25729.58
Slovenia,2018,6.56,,73.26,3.34,6.94,16.37,32.44,8.46,20.92,485.18,74.65,,,0.52,,2.45,17.18,,5.58,3.78,103.2,26760.48
Slovenia,2019,6.29,,76.07,3.26,6.78,16.66,31.68,8.38,23.92,,,,,,,,17.06,,7.99,3.58,103.24,27421.03
Spain,2010,5.58,7.07,,2.71,127.27,11.84,32.78,8.17,27.45,506.58,29.2,,,0.53,86,,11.8,0.85,4.24,1.76,93.86,30502.72
Spain,2011,5.63,6.94,,2.66,125.33,11.85,30.02,7.9,31.92,481.53,26.7,,,,,3.06,12.74,0.92,4.56,1.71,94.19,30147
Spain,2012,5.54,6.39,,2.66,125.09,12.92,29.58,8.85,37.23,465.26,29.79,,,,,2.71,11.46,0.91,3.77,1.73,94.09,29235.83
Spain,2013,5.01,5.91,195.94,2.49,116.69,15.22,39.58,10.63,44.75,451.4,32.53,,,,,3.04,10.63,0.87,3.88,1.97,93.82,28910.76
Spain,2014,4.96,5.98,209.01,2.44,114.1,15.59,40.11,10.97,42.59,445.43,30.81,,179.2,,,3.34,10.09,0.79,3.5,1.88,93.52,29398.61
Spain,2015,5.29,6.3,229.13,2.54,118.37,14.06,34.96,9.62,40.86,453.33,29.98,2293.78,,,85.88,3.23,10.82,0.77,3.77,1.94,93.41,30549.79
Spain,2016,5.1,,241.46,2.56,119.37,14.64,38.57,10.18,43.74,461.93,33.86,,,,,3.23,9.82,0.62,3.6,1.87,93.35,31449.28
Spain,2017,5.44,,252.36,2.69,125.6,13.13,32.21,8.77,38.05,472.01,36.11,,,,,3.02,10.02,,3.57,1.84,93.38,32308.59
Spain,2018,5.33,,270.94,2.68,125.02,14.35,38.2,10,41.6,475.92,36,,,,,2.53,10.03,,3.85,1.83,93.47,32949.08
Spain,2019,4.92,,288.22,2.6,121.72,14.71,37.12,10.26,38.92,,,,,,,,9.99,,3.52,1.77,93.56,33352.33
Sweden,2010,4.98,9.01,,5.42,50.91,33.4,55.3,14.73,32.64,437.33,47.8,,,0.73,55.54,,7.56,1,1.76,2.56,22.88,52869.04
Sweden,2011,4.57,8.73,,5.24,49.61,32.91,55.95,15.36,31.45,448.28,46.97,,,0.72,,0.79,7.62,0.91,1.94,2.36,23.07,54147.94
Sweden,2012,4.26,8.08,,5.25,50.12,36.9,59.07,17.81,29.76,449.52,46.86,,,0.68,,0.79,6.29,0.98,1.94,2.37,23.43,53432.64
Sweden,2013,4.07,7.92,430.51,5.13,49.3,34.45,54.03,15.77,29.1,451.03,48.21,,,0.67,,1.3,6.28,1.05,2.08,2.33,23.61,53611.1
Sweden,2014,3.89,7.67,434.83,4.96,48.07,35.73,55.84,17.17,30.12,439.83,49.34,,288.97,0.71,,0.82,6.56,1.13,1.92,2.17,23.8,54492.6
Sweden,2015,3.86,7.19,434.44,4.55,44.4,43.02,63.27,22.46,28.4,449.53,47.55,19462.47,,0.72,52.73,0.77,5.97,1.07,1.48,2.18,23.97,56339.99
Sweden,2016,3.79,,494.65,4.86,47.77,38.25,57.17,18.53,27.83,448.2,48.41,,,,,0.65,5.53,1.1,1.56,2.22,24.15,56788.54
Sweden,2017,3.72,,504.54,4.95,49.07,39.9,57.88,20.48,26.67,456.39,46.8,,,,,0.68,5.78,,1.37,2.13,24.32,57467.25
Sweden,2018,3.46,,486.18,4.99,49.77,37.82,55.8,19.1,25.73,439.96,45.83,,,,,0.62,5.77,,1.29,0.24,24.48,57911.23
Sweden,2019,3.23,,484.26,4.69,47.07,40.78,57.39,21.7,25.07,,,,,,,,5.72,,1.75,0.26,24.64,58112.44
